Date,GSCI
2012/12/31,646.58
2013/1/2,652.56
2013/1/3,650.05
2013/1/4,646.71
2013/1/7,648.69
2013/1/8,650.18
2013/1/9,649.31
2013/1/10,653.11
2013/1/11,649.58
2013/1/14,655.19
2013/1/15,652.18
2013/1/16,653.31
2013/1/17,658.21
2013/1/18,660.83
2013/1/22,664.07
2013/1/23,661.98
2013/1/24,664.22
2013/1/25,662.75
2013/1/28,665.33
2013/1/29,670.51
2013/1/30,675.94
2013/1/31,675.37
2013/2/1,679.05
2013/2/4,673.87
2013/2/5,676.7
2013/2/6,676.14
2013/2/7,674.01
2013/2/8,678.14
2013/2/11,677.66
2013/2/12,678.9
2013/2/13,679.2
2013/2/14,679.37
2013/2/15,675.95
2013/2/19,675.63
2013/2/20,668.28
2013/2/21,657.31
2013/2/22,658.12
2013/2/25,658.64
2013/2/26,653.56
2013/2/27,650.13
2013/2/28,648.21
2013/3/1,642.65
2013/3/4,640.41
2013/3/5,645.94
2013/3/6,641.74
2013/3/7,646.65
2013/3/8,648.81
2013/3/11,648.72
2013/3/12,649.62
2013/3/13,647.17
2013/3/14,650.23
2013/3/15,652.5
2013/3/18,650.3
2013/3/19,643.16
2013/3/20,648.7
2013/3/21,644.55
2013/3/22,646.5
2013/3/25,649.03
2013/3/26,654.54
2013/3/27,657.78
2013/3/28,655.05
2013/4/1,653.1
2013/4/2,651.87
2013/4/3,638.67
2013/4/4,633
2013/4/5,628.26
2013/4/8,632.31
2013/4/9,637.09
2013/4/10,636.03
2013/4/11,631.61
2013/4/12,623.16
2013/4/15,608.83
2013/4/16,609.91
2013/4/17,600.97
2013/4/18,606.01
2013/4/19,607.5
2013/4/22,609.1
2013/4/23,607.11
2013/4/24,614.65
2013/4/25,625.15
2013/4/26,622.29
2013/4/29,629.99
2013/4/30,624.43
2013/5/1,611.06
2013/5/2,622.62
2013/5/3,631.08
2013/5/6,632.74
2013/5/7,630.47
2013/5/8,632.85
2013/5/9,634.91
2013/5/10,629.36
2013/5/13,627.87
2013/5/14,625.54
2013/5/15,624.91
2013/5/16,627.99
2013/5/17,632.05
2013/5/20,635.02
2013/5/21,631.02
2013/5/22,625.96
2013/5/23,624.86
2013/5/24,624.4
2013/5/28,630.57
2013/5/29,623.35
2013/5/30,622.46
2013/5/31,615.46
2013/6/3,622.56
2013/6/4,625.64
2013/6/5,626.58
2013/6/6,628.7
2013/6/7,631.05
2013/6/10,626.86
2013/6/11,622.42
2013/6/12,623.62
2013/6/13,626.36
2013/6/14,631.24
2013/6/17,630.52
2013/6/18,633.01
2013/6/19,635.84
2013/6/20,616.46
2013/6/21,610.04
2013/6/24,610.3
2013/6/25,611.83
2013/6/26,610.93
2013/6/27,615.88
2013/6/28,611.3
2013/7/1,616.01
2013/7/2,621.03
2013/7/3,629.38
2013/7/5,634.02
2013/7/8,634.83
2013/7/9,637.17
2013/7/10,644.31
2013/7/11,641.56
2013/7/12,644.63
2013/7/15,644.4
2013/7/16,645.99
2013/7/17,646.65
2013/7/18,651.05
2013/7/19,650.66
2013/7/22,648.43
2013/7/23,648.62
2013/7/24,642.1
2013/7/25,640.68
2013/7/26,636.81
2013/7/29,636.48
2013/7/30,632.09
2013/7/31,638.64
2013/8/1,646.77
2013/8/2,642.74
2013/8/5,639.59
2013/8/6,634.83
2013/8/7,629.7
2013/8/8,627.95
2013/8/9,634.71
2013/8/12,638.88
2013/8/13,641.23
2013/8/14,643.68
2013/8/15,648.86
2013/8/16,649.92
2013/8/19,649.52
2013/8/20,645.45
2013/8/21,642.3
2013/8/22,643.29
2013/8/23,649.4
2013/8/26,650.66
2013/8/27,662.96
2013/8/28,668.6
2013/8/29,663.48
2013/8/30,657.05
2013/9/3,660.66
2013/9/4,656.07
2013/9/5,657.07
2013/9/6,664.33
2013/9/9,657.13
2013/9/10,647.13
2013/9/11,647.51
2013/9/12,652.26
2013/9/13,650.02
2013/9/16,644.19
2013/9/17,636.3
2013/9/18,645.92
2013/9/19,643.27
2013/9/20,638.63
2013/9/23,633.42
2013/9/24,632.59
2013/9/25,633.82
2013/9/26,637.03
2013/9/27,636.39
2013/9/30,632.4
2013/10/1,629.49
2013/10/2,637.18
2013/10/3,635.73
2013/10/4,637.24
2013/10/7,638.02
2013/10/8,640.42
2013/10/9,633.36
2013/10/10,642.05
2013/10/11,638.45
2013/10/14,639.44
2013/10/15,636.38
2013/10/16,641.27
2013/10/17,634.96
2013/10/18,638.62
2013/10/21,634.81
2013/10/22,632.65
2013/10/23,623.91
2013/10/24,622.84
2013/10/25,624.36
2013/10/28,629.69
2013/10/29,627.67
2013/10/30,627.21
2013/10/31,622.52
2013/11/1,612.24
2013/11/4,610.66
2013/11/5,606.77
2013/11/6,609.73
2013/11/7,605.02
2013/11/8,609.95
2013/11/11,614.2
2013/11/12,609.25
2013/11/13,613.7
2013/11/14,616.8
2013/11/15,616.92
2013/11/18,613.95
2013/11/19,611.67
2013/11/20,614.19
2013/11/21,622.23
2013/11/22,624.37
2013/11/25,622.58
2013/11/26,622.4
2013/11/27,620.76
2013/11/29,620.12
2013/12/2,623.53
2013/12/3,629.81
2013/12/4,631.85
2013/12/5,630.15
2013/12/6,631.94
2013/12/9,628.35
2013/12/10,630.05
2013/12/11,629.95
2013/12/12,626.38
2013/12/13,623.59
2013/12/16,627.39
2013/12/17,624.29
2013/12/18,627.88
2013/12/19,632
2013/12/20,637.1
2013/12/23,635.61
2013/12/24,637.04
2013/12/26,637.76
2013/12/27,640.67
2013/12/30,635.79
2013/12/31,632.29
2014/1/2,620.36
2014/1/3,614.43
2014/1/6,613.84
2014/1/7,615.22
2014/1/8,610.67
2014/1/9,605.81
2014/1/10,610.3
2014/1/13,609.48
2014/1/14,610.17
2014/1/15,614.72
2014/1/16,613.44
2014/1/17,615.56
2014/1/21,616.41
2014/1/22,623.24
2014/1/23,623.6
2014/1/24,624.87
2014/1/27,618.31
2014/1/28,623.91
2014/1/29,626.91
2014/1/30,626.64
2014/1/31,622.26
2014/2/3,619.11
2014/2/4,623.44
2014/2/5,624.11
2014/2/6,626.71
2014/2/7,635.11
2014/2/10,632.49
2014/2/11,634.83
2014/2/12,636.22
2014/2/13,637.91
2014/2/14,640.06
2014/2/18,649.79
2014/2/19,653.38
2014/2/20,652.78
2014/2/21,650.88
2014/2/24,652.52
2014/2/25,649.07
2014/2/26,649.64
2014/2/27,647.07
2014/2/28,649.64
2014/3/3,660.22
2014/3/4,655.96
2014/3/5,648.57
2014/3/6,650.66
2014/3/7,653.24
2014/3/10,646.84
2014/3/11,645.73
2014/3/12,641.11
2014/3/13,639.2
2014/3/14,644.05
2014/3/17,637.19
2014/3/18,642.18
2014/3/19,641.71
2014/3/20,639.54
2014/3/21,641.09
2014/3/24,641.49
2014/3/25,642.41
2014/3/26,643.32
2014/3/27,649.55
2014/3/28,650.67
2014/3/31,648.86
2014/4/1,640.83
2014/4/2,637.04
2014/4/3,642.54
2014/4/4,645.19
2014/4/7,642.37
2014/4/8,650.89
2014/4/9,654.22
2014/4/10,653.1
2014/4/11,652.26
2014/4/14,658.04
2014/4/15,658.46
2014/4/16,659.62
2014/4/17,661.29
2014/4/21,660.71
2014/4/22,657.81
2014/4/23,657.49
2014/4/24,661.49
2014/4/25,657.7
2014/4/28,654.77
2014/4/29,658.84
2014/4/30,652.51
2014/5/1,648.61
2014/5/2,650.94
2014/5/5,648.94
2014/5/6,648.99
2014/5/7,651.43
2014/5/8,649.58
2014/5/9,647.3
2014/5/12,648.97
2014/5/13,652.03
2014/5/14,655.23
2014/5/15,652.04
2014/5/16,652.86
2014/5/19,653.8
2014/5/20,654.04
2014/5/21,658.35
2014/5/22,657.17
2014/5/23,658.41
2014/5/27,655.44
2014/5/28,652.84
2014/5/29,654.26
2014/5/30,649.63
2014/6/2,648.46
2014/6/3,647.6
2014/6/4,645.99
2014/6/5,646.63
2014/6/6,646.63
2014/6/9,651.28
2014/6/10,648.05
2014/6/11,647.54
2014/6/12,658.55
2014/6/13,660.46
2014/6/16,661.32
2014/6/17,661.92
2014/6/18,663.39
2014/6/19,668.03
2014/6/20,668.86
2014/6/23,665.75
2014/6/24,667.19
2014/6/25,666.62
2014/6/26,664.13
2014/6/27,663.44
2014/6/30,658.57
2014/7/1,657.68
2014/7/2,654.56
2014/7/3,653.3
2014/7/7,647.81
2014/7/8,643.87
2014/7/9,638.6
2014/7/10,638.91
2014/7/11,630.72
2014/7/14,632.27
2014/7/15,627.84
2014/7/16,630.2
2014/7/17,633.73
2014/7/18,630.92
2014/7/21,633.29
2014/7/22,631.45
2014/7/23,634.01
2014/7/24,630.91
2014/7/25,634.17
2014/7/28,631.89
2014/7/29,630.23
2014/7/30,627.2
2014/7/31,621.7
2014/8/1,617.5
2014/8/4,620.23
2014/8/5,616.04
2014/8/6,618.26
2014/8/7,619.11
2014/8/8,617.07
2014/8/11,618.2
2014/8/12,612.06
2014/8/13,613.31
2014/8/14,602.55
2014/8/15,607.45
2014/8/18,600.33
2014/8/19,599.45
2014/8/20,601.32
2014/8/21,603.72
2014/8/22,602.97
2014/8/25,603.04
2014/8/26,604.81
2014/8/27,605.58
2014/8/28,606.84
2014/8/29,610.92
2014/9/2,598.85
2014/9/3,607.35
2014/9/4,603.29
2014/9/5,600.35
2014/9/8,597.2
2014/9/9,594.87
2014/9/10,589.3
2014/9/11,588.72
2014/9/12,585.66
2014/9/15,586.3
2014/9/16,592.2
2014/9/17,590.9
2014/9/18,583.82
2014/9/19,583
2014/9/22,577.77
2014/9/23,578.3
2014/9/24,581.5
2014/9/25,580.97
2014/9/26,582.52
2014/9/29,586.96
2014/9/30,574.29
2014/10/1,573.08
2014/10/2,570
2014/10/3,565.79
2014/10/6,570.22
2014/10/7,567.13
2014/10/8,561.33
2014/10/9,555.51
2014/10/10,554.29
2014/10/13,554.28
2014/10/14,539.84
2014/10/15,533.56
2014/10/16,538.6
2014/10/17,540.23
2014/10/20,537.24
2014/10/21,541.03
2014/10/22,534.96
2014/10/23,541.93
2014/10/24,537.1
2014/10/27,537.29
2014/10/28,540.55
2014/10/29,546.75
2014/10/30,541.63
2014/10/31,539.59
2014/11/3,535.78
2014/11/4,526.84
2014/11/5,529.25
2014/11/6,529.71
2014/11/7,534.1
2014/11/10,529.15
2014/11/11,530.23
2014/11/12,528.13
2014/11/13,514.44
2014/11/14,520.97
2014/11/17,521.45
2014/11/18,517.36
2014/11/19,516.42
2014/11/20,521.59
2014/11/21,525.2
2014/11/24,521.14
2014/11/25,516.62
2014/11/26,514.93
2014/11/28,482.11
2014/12/1,492.94
2014/12/2,482
2014/12/3,480.04
2014/12/4,478.05
2014/12/5,475.83
2014/12/8,463.59
2014/12/9,467.81
2014/12/10,456.31
2014/12/11,454.22
2014/12/12,447.69
2014/12/15,441.53
2014/12/16,436.55
2014/12/17,440.33
2014/12/18,433.15
2014/12/19,440.71
2014/12/22,433.22
2014/12/23,439.87
2014/12/24,431.6
2014/12/26,429.16
2014/12/29,424.19
2014/12/30,423.84
2014/12/31,418.12
2015/1/2,414.96
2015/1/5,404.61
2015/1/6,397.95
2015/1/7,396.68
2015/1/8,397.1
2015/1/9,395.01
2015/1/12,384.79
2015/1/13,381.02
2015/1/14,388.98
2015/1/15,382.72
2015/1/16,391.44
2015/1/20,381.24
2015/1/21,386.15
2015/1/22,381.68
2015/1/23,379.74
2015/1/26,377.65
2015/1/27,382.2
2015/1/28,376.73
2015/1/29,375.08
2015/1/30,389.68
2015/2/2,396.34
2015/2/3,412.7
2015/2/4,395.9
2015/2/5,404.06
2015/2/6,410.41
2015/2/9,417.09
2015/2/10,408.59
2015/2/11,404.24
2015/2/12,416.98
2015/2/13,425.99
2015/2/17,426.25
2015/2/18,420.57
2015/2/19,418.36
2015/2/20,416.17
2015/2/23,410.59
2015/2/24,410.19
2015/2/25,418.4
2015/2/26,411.72
2015/2/27,421.24
2015/3/2,413.06
2015/3/3,417.21
2015/3/4,417.37
2015/3/5,414.71
2015/3/6,411.78
2015/3/9,410.58
2015/3/10,402.92
2015/3/11,405.51
2015/3/12,403.36
2015/3/13,393.35
2015/3/16,389.73
2015/3/17,386.91
2015/3/18,395.91
2015/3/19,392.02
2015/3/20,398.17
2015/3/23,401.82
2015/3/24,400.17
2015/3/25,404.72
2015/3/26,413.4
2015/3/27,402.71
2015/3/30,402.4
2015/3/31,396.65
2015/4/1,406.71
2015/4/2,400.97
2015/4/6,413.14
2015/4/7,417.87
2015/4/8,404.07
2015/4/9,406.35
2015/4/10,412.37
2015/4/13,412.76
2015/4/14,417.95
2015/4/15,430.83
2015/4/16,434.67
2015/4/17,431.71
2015/4/20,430.82
2015/4/21,426.16
2015/4/22,426.56
2015/4/23,435.07
2015/4/24,435.42
2015/4/27,434.02
2015/4/28,434.67
2015/4/29,440.9
2015/4/30,445.58
2015/5/1,443.83
2015/5/4,444.03
2015/5/5,450.6
2015/5/6,450.97
2015/5/7,441.85
2015/5/8,444.31
2015/5/11,442.28
2015/5/12,450.83
2015/5/13,451.52
2015/5/14,451.84
2015/5/15,450.76
2015/5/18,448.74
2015/5/19,437.39
2015/5/20,440.59
2015/5/21,448.08
2015/5/22,441.93
2015/5/26,432.59
2015/5/27,427.2
2015/5/28,429.16
2015/5/29,439.09
2015/6/1,438.48
2015/6/2,443.49
2015/6/3,436.19
2015/6/4,428.76
2015/6/5,432.88
2015/6/8,432.21
2015/6/9,442.54
2015/6/10,447.25
2015/6/11,442.92
2015/6/12,437.93
2015/6/15,434.39
2015/6/16,435.72
2015/6/17,436.43
2015/6/18,437.47
2015/6/19,431.55
2015/6/22,433.15
2015/6/23,438.79
2015/6/24,435.16
2015/6/25,434.16
2015/6/26,435.74
2015/6/29,431.61
2015/6/30,440.69
2015/7/1,432.64
2015/7/2,433.81
2015/7/6,412.51
2015/7/7,409.29
2015/7/8,409.36
2015/7/9,415.45
2015/7/10,415.48
2015/7/13,413.66
2015/7/14,414.79
2015/7/15,407.85
2015/7/16,406.15
2015/7/17,404.73
2015/7/20,400.11
2015/7/21,400.86
2015/7/22,395.35
2015/7/23,391.01
2015/7/24,386.64
2015/7/27,380.66
2015/7/28,383.54
2015/7/29,384.76
2015/7/30,383.65
2015/7/31,378.38
2015/8/3,368.68
2015/8/4,371.33
2015/8/5,369.32
2015/8/6,367.43
2015/8/7,365.42
2015/8/10,375.04
2015/8/11,367.05
2015/8/12,367.89
2015/8/13,365.67
2015/8/14,365.02
2015/8/17,362.4
2015/8/18,362.27
2015/8/19,354.79
2015/8/20,355.2
2015/8/21,348.11
2015/8/24,336.88
2015/8/25,339.75
2015/8/26,335.51
2015/8/27,353.62
2015/8/28,365.65
2015/8/31,380.85
2015/9/1,364.14
2015/9/2,366.64
2015/9/3,369.67
2015/9/4,364.87
2015/9/8,366.93
2015/9/9,359.92
2015/9/10,366.64
2015/9/11,363.47
2015/9/14,359.61
2015/9/15,360.44
2015/9/16,368.37
2015/9/17,365.76
2015/9/18,357.59
2015/9/21,364.58
2015/9/22,362.28
2015/9/23,357.26
2015/9/24,358.31
2015/9/25,362.01
2015/9/28,355.7
2015/9/29,358.67
2015/9/30,359.34
2015/10/1,356.7
2015/10/2,358.25
2015/10/5,363.65
2015/10/6,374.65
2015/10/7,372.57
2015/10/8,378
2015/10/9,379.52
2015/10/12,370.26
2015/10/13,368.59
2015/10/14,368.19
2015/10/15,366.58
2015/10/16,369.21
2015/10/19,361.61
2015/10/20,362.73
2015/10/21,359.15
2015/10/22,359.96
2015/10/23,357.09
2015/10/26,354.65
2015/10/27,351.24
2015/10/28,361.58
2015/10/29,360.44
2015/10/30,363.44
2015/11/2,360.54
2015/11/3,368.17
2015/11/4,360.07
2015/11/5,355.41
2015/11/6,353.68
2015/11/9,350.98
2015/11/10,351.54
2015/11/11,348.07
2015/11/12,343.68
2015/11/13,339.48
2015/11/16,339.29
2015/11/17,335.89
2015/11/18,337.02
2015/11/19,337.46
2015/11/20,337.72
2015/11/23,338.74
2015/11/24,343.39
2015/11/25,343.72
2015/11/27,337.29
2015/11/30,336.15
2015/12/1,337.7
2015/12/2,328.31
2015/12/3,333.44
2015/12/4,331.36
2015/12/7,320.06
2015/12/8,319
2015/12/9,319.07
2015/12/10,319.55
2015/12/11,313.92
2015/12/14,312.4
2015/12/15,314.24
2015/12/16,307.74
2015/12/17,305.49
2015/12/18,307.39
2015/12/21,305.94
2015/12/22,305.01
2015/12/23,311.73
2015/12/24,314.01
2015/12/28,309.46
2015/12/29,315.23
2015/12/30,309.12
2015/12/31,311.65
2016/1/4,309.64
2016/1/5,307.16
2016/1/6,297.95
2016/1/7,295.71
2016/1/8,295.57
2016/1/11,287.62
2016/1/12,284.76
2016/1/13,284.65
2016/1/14,287.02
2016/1/15,279.17
2016/1/19,277.9
2016/1/20,271.81
2016/1/21,278.04
2016/1/22,290.2
2016/1/25,283.15
2016/1/26,288.83
2016/1/27,293.41
2016/1/28,296.26
2016/1/29,300.67
2016/2/1,292.92
2016/2/2,285.54
2016/2/3,295.3
2016/2/4,293.7
2016/2/5,291.64
2016/2/8,288.89
2016/2/9,280.61
2016/2/10,282.29
2016/2/11,281.7
2016/2/12,294.98
2016/2/16,290.97
2016/2/17,300.42
2016/2/18,299.17
2016/2/19,293.73
2016/2/22,300.7
2016/2/23,294.46
2016/2/24,297.85
2016/2/25,300.7
2016/2/26,300
2016/2/29,303.63
2016/3/1,304.73
2016/3/2,306.39
2016/3/3,307.16
2016/3/4,314.68
2016/3/7,324.21
2016/3/8,320.58
2016/3/9,328.73
2016/3/10,327.4
2016/3/11,331.41
2016/3/14,327.13
2016/3/15,323.83
2016/3/16,330.7
2016/3/17,337.88
2016/3/18,335.3
2016/3/21,336.15
2016/3/22,337.53
2016/3/23,329.37
2016/3/24,327.91
2016/3/28,327.84
2016/3/29,324.21
2016/3/30,323.3
2016/3/31,323.42
2016/4/1,316.4
2016/4/4,311.37
2016/4/5,310.41
2016/4/6,317.59
2016/4/7,316.23
2016/4/8,329.02
2016/4/11,332
2016/4/12,341.58
2016/4/13,341.98
2016/4/14,339.67
2016/4/15,336.25
2016/4/18,335.85
2016/4/19,343.57
2016/4/20,352.48
2016/4/21,348.33
2016/4/22,347.98
2016/4/25,345.23
2016/4/26,351.68
2016/4/27,356.09
2016/4/28,359.56
2016/4/29,360.41
2016/5/2,355.13
2016/5/3,348.34
2016/5/4,347.71
2016/5/5,347.81
2016/5/6,350.62
2016/5/9,342.89
2016/5/10,351.72
2016/5/11,361.15
2016/5/12,362.92
2016/5/13,361.72
2016/5/16,367.66
2016/5/17,370.76
2016/5/18,369.98
2016/5/19,366.95
2016/5/20,367.3
2016/5/23,364.89
2016/5/24,366.12
2016/5/25,370.68
2016/5/26,371.6
2016/5/27,371.88
2016/5/31,370.95
2016/6/1,371.67
2016/6/2,374.55
2016/6/3,374.02
2016/6/6,378.77
2016/6/7,382.37
2016/6/8,389.83
2016/6/9,387.76
2016/6/10,381.26
2016/6/13,381.3
2016/6/14,379.16
2016/6/15,376.17
2016/6/16,367.81
2016/6/17,376.85
2016/6/20,382.89
2016/6/21,380.16
2016/6/22,377.03
2016/6/23,380.72
2016/6/24,369.23
2016/6/27,364.07
2016/6/28,372.1
2016/6/29,380.33
2016/6/30,374.03
2016/7/1,376.44
2016/7/5,364.31
2016/7/6,365.96
2016/7/7,355.27
2016/7/8,358.04
2016/7/11,355.91
2016/7/12,365.54
2016/7/13,358.09
2016/7/14,362.25
2016/7/15,361.12
2016/7/18,358.43
2016/7/19,355.34
2016/7/20,354.99
2016/7/21,350.89
2016/7/22,349.03
2016/7/25,345.15
2016/7/26,344.35
2016/7/27,339.4
2016/7/28,336.68
2016/7/29,339.4
2016/8/1,332.43
2016/8/2,330.85
2016/8/3,336.81
2016/8/4,340.67
2016/8/5,342.03
2016/8/8,346.94
2016/8/9,345.28
2016/8/10,341.63
2016/8/11,349.71
2016/8/12,353.12
2016/8/15,359.65
2016/8/16,363.15
2016/8/17,365.08
2016/8/18,370.77
2016/8/19,370.44
2016/8/22,364.4
2016/8/23,367.03
2016/8/24,361.52
2016/8/25,363.15
2016/8/26,363.07
2016/8/29,359.14
2016/8/30,355.72
2016/8/31,348.21
2016/9/1,341.87
2016/9/2,347.18
2016/9/6,348.19
2016/9/7,352.18
2016/9/8,361.99
2016/9/9,354.77
2016/9/12,356.81
2016/9/13,350.6
2016/9/14,346.47
2016/9/15,349.49
2016/9/16,348.1
2016/9/19,348.96
2016/9/20,350.19
2016/9/21,354.9
2016/9/22,358.89
2016/9/23,351.53
2016/9/26,356.46
2016/9/27,350.39
2016/9/28,360.22
2016/9/29,363.33
2016/9/30,364.47
2016/10/3,366.81
2016/10/4,367.42
2016/10/5,371.74
2016/10/6,372.85
2016/10/7,371.81
2016/10/10,378.34
2016/10/11,375.63
2016/10/12,372.76
2016/10/13,375.81
2016/10/14,375.63
2016/10/17,374.62
2016/10/18,375.56
2016/10/19,379.49
2016/10/20,374.09
2016/10/21,375.78
2016/10/24,374.95
2016/10/25,373.11
2016/10/26,370.47
2016/10/27,373.74
2016/10/28,370.01
2016/10/31,361.62
2016/11/1,360.6
2016/11/2,354.9
2016/11/3,352.29
2016/11/4,349.1
2016/11/7,352.92
2016/11/8,354.65
2016/11/9,356.55
2016/11/10,356.24
2016/11/11,351.2
2016/11/14,349.77
2016/11/15,359.36
2016/11/16,357.56
2016/11/17,357.97
2016/11/18,359.71
2016/11/21,370.55
2016/11/22,370.98
2016/11/23,371.24
2016/11/25,365.14
2016/11/28,370.4
2016/11/29,360
2016/11/30,377.22
2016/12/1,384.77
2016/12/2,386.39
2016/12/5,390.18
2016/12/6,387.12
2016/12/7,383.42
2016/12/8,387.01
2016/12/9,390.84
2016/12/12,396.4
2016/12/13,396.9
2016/12/14,391.14
2016/12/15,389.25
2016/12/16,393.46
2016/12/19,392.08
2016/12/20,392.32
2016/12/21,390.7
2016/12/22,391.95
2016/12/23,391.89
2016/12/27,398.22
2016/12/28,399.18
2016/12/29,398.48
2016/12/30,398.2
2017/1/3,390.66
2017/1/4,396.14
2017/1/5,397.84
2017/1/6,398.18
2017/1/9,390.48
2017/1/10,389.01
2017/1/11,394.64
2017/1/12,400.68
2017/1/13,399.85
2017/1/17,400.91
2017/1/18,395.17
2017/1/19,394.96
2017/1/20,399.41
2017/1/23,398.77
2017/1/24,400.17
2017/1/25,397.93
2017/1/26,400.68
2017/1/27,397.47
2017/1/30,393.51
2017/1/31,395.83
2017/2/1,401.7
2017/2/2,400.35
2017/2/3,400.38
2017/2/6,396.76
2017/2/7,395.5
2017/2/8,398.78
2017/2/9,401.76
2017/2/10,407.83
2017/2/13,403.78
2017/2/14,405.1
2017/2/15,405.48
2017/2/16,403.71
2017/2/17,403.03
2017/2/21,404.51
2017/2/22,401.58
2017/2/23,403.74
2017/2/24,401.83
2017/2/27,401.06
2017/2/28,402.22
2017/3/1,403.23
2017/3/2,396.12
2017/3/3,398.56
2017/3/6,398.78
2017/3/7,397.44
2017/3/8,387.67
2017/3/9,382.6
2017/3/10,380.06
2017/3/13,380.16
2017/3/14,377.21
2017/3/15,381.89
2017/3/16,382.26
2017/3/17,383.12
2017/3/20,382.16
2017/3/21,379.41
2017/3/22,378.22
2017/3/23,377.44
2017/3/24,378.13
2017/3/27,376.71
2017/3/28,380.04
2017/3/29,384.81
2017/3/30,387.16
2017/3/31,388.22
2017/4/3,385.6
2017/4/4,389.41
2017/4/5,390.71
2017/4/6,392.84
2017/4/7,395.2
2017/4/10,398.84
2017/4/11,400.63
2017/4/12,400.06
2017/4/13,401.58
2017/4/17,399.31
2017/4/18,396.54
2017/4/19,388.83
2017/4/20,387.7
2017/4/21,383.03
2017/4/24,381.24
2017/4/25,383.57
2017/4/26,383.29
2017/4/27,380.38
2017/4/28,382.77
2017/5/1,381.64
2017/5/2,378.14
2017/5/3,378.8
2017/5/4,367.82
2017/5/5,371.39
2017/5/8,371.1
2017/5/9,368.88
2017/5/10,375.54
2017/5/11,378.29
2017/5/12,379.5
2017/5/15,382.63
2017/5/16,381.77
2017/5/17,384.35
2017/5/18,384.11
2017/5/19,391.04
2017/5/22,393.67
2017/5/23,393.04
2017/5/24,391.92
2017/5/25,383.11
2017/5/26,385.5
2017/5/30,382.86
2017/5/31,377.85
2017/6/1,377.36
2017/6/2,374.34
2017/6/5,371.72
2017/6/6,374.55
2017/6/7,366.99
2017/6/8,367.9
2017/6/9,369.81
2017/6/12,368.35
2017/6/13,369.88
2017/6/14,362.06
2017/6/15,361.85
2017/6/16,364.17
2017/6/19,361.38
2017/6/20,357.1
2017/6/21,352.7
2017/6/22,352.52
2017/6/23,353.8
2017/6/26,355.5
2017/6/27,359.65
2017/6/28,362.61
2017/6/29,365.33
2017/6/30,372.38
2017/7/3,377.72
2017/7/5,369.92
2017/7/6,371.31
2017/7/7,365.51
2017/7/10,366.92
2017/7/11,370.25
2017/7/12,370.22
2017/7/13,370.34
2017/7/14,373.46
2017/7/17,371.9
2017/7/18,373.57
2017/7/19,377.9
2017/7/20,376.88
2017/7/21,371.17
2017/7/24,371.21
2017/7/25,376.84
2017/7/26,381.32
2017/7/27,383.93
2017/7/28,386.62
2017/7/31,388.07
2017/8/1,382.96
2017/8/2,385.77
2017/8/3,383.17
2017/8/4,384.51
2017/8/7,384.8
2017/8/8,384.91
2017/8/9,386.89
2017/8/10,381.93
2017/8/11,383
2017/8/14,378.02
2017/8/15,376.65
2017/8/16,374.29
2017/8/17,374.9
2017/8/18,380.68
2017/8/21,376.5
2017/8/22,377.45
2017/8/23,379.99
2017/8/24,378.99
2017/8/25,379.06
2017/8/28,376.96
2017/8/29,377.48
2017/8/30,375.85
2017/8/31,386
2017/9/1,386.38
2017/9/5,389.97
2017/9/6,392.43
2017/9/7,392.34
2017/9/8,387.18
2017/9/11,388.16
2017/9/12,388.65
2017/9/13,392.41
2017/9/14,394.23
2017/9/15,395.9
2017/9/18,394.94
2017/9/19,393.5
2017/9/20,398.7
2017/9/21,397.27
2017/9/22,398.04
2017/9/25,404.25
2017/9/26,401.57
2017/9/27,402.27
2017/9/28,400.2
2017/9/29,399.31
2017/10/2,393.98
2017/10/3,393.85
2017/10/4,393.73
2017/10/5,398.7
2017/10/6,391.85
2017/10/9,392.46
2017/10/10,398.51
2017/10/11,399.64
2017/10/12,398.1
2017/10/13,402.8
2017/10/16,404.66
2017/10/17,403.24
2017/10/18,403.32
2017/10/19,401.03
2017/10/20,402.38
2017/10/23,402.94
2017/10/24,406.76
2017/10/25,406.44
2017/10/26,408.54
2017/10/27,412.04
2017/10/30,413.8
2017/10/31,415.14
2017/11/1,415.16
2017/11/2,415.7
2017/11/3,420.59
2017/11/6,429.44
2017/11/7,427.58
2017/11/8,427.39
2017/11/9,429.19
2017/11/10,428.59
2017/11/13,428.53
2017/11/14,421.84
2017/11/15,420.62
2017/11/16,418.75
2017/11/17,425.35
2017/11/20,422.82
2017/11/21,424.66
2017/11/22,429.02
2017/11/24,431.23
2017/11/27,429.62
2017/11/28,428.79
2017/11/29,426.11
2017/11/30,424.26
2017/12/1,429.48
2017/12/4,423.56
2017/12/5,422.74
2017/12/6,414.64
2017/12/7,416.7
2017/12/8,420.33
2017/12/11,423.4
2017/12/12,418.48
2017/12/13,415.83
2017/12/14,418.76
2017/12/15,419.7
2017/12/18,421.11
2017/12/19,422.82
2017/12/20,425.98
2017/12/21,427.8
2017/12/22,429.34
2017/12/26,437.26
2017/12/27,437.58
2017/12/28,439.9
2017/12/29,442.44
2018/1/2,442.72
2018/1/3,447.14
2018/1/4,447.83
2018/1/5,443.76
2018/1/8,443.76
2018/1/9,448.4
2018/1/10,450.45
2018/1/11,451.22
2018/1/12,453.23
2018/1/16,450.91
2018/1/17,452.74
2018/1/18,453.12
2018/1/19,450.37
2018/1/22,452.35
2018/1/23,455.67
2018/1/24,461.36
2018/1/25,460.86
2018/1/26,463.44
2018/1/29,460.59
2018/1/30,456.61
2018/1/31,456.53
2018/2/1,460.23
2018/2/2,456.53
2018/2/5,451.6
2018/2/6,447.38
2018/2/7,440.34
2018/2/8,438.06
2018/2/9,428.53
2018/2/12,430.5
2018/2/13,431.7
2018/2/14,439.14
2018/2/15,441.53
2018/2/16,443.59
2018/2/20,444.21
2018/2/21,444.57
2018/2/22,448.84
2018/2/23,451.53
2018/2/26,453.68
2018/2/27,450.09
2018/2/28,443.38
2018/3/1,441.04
2018/3/2,441.56
2018/3/5,447.54
2018/3/6,448.22
2018/3/7,441.54
2018/3/8,437.7
2018/3/9,444.4
2018/3/12,441.5
2018/3/13,440.57
2018/3/14,441.61
2018/3/15,441.32
2018/3/16,444.63
2018/3/19,441.29
2018/3/20,446.15
2018/3/21,453.47
2018/3/22,450.3
2018/3/23,455.17
2018/3/26,453.42
2018/3/27,453.05
2018/3/28,450.03
2018/3/29,452.94
2018/4/2,445.07
2018/4/3,446.9
2018/4/4,445.72
2018/4/5,448.46
2018/4/6,443.72
2018/4/9,451.91
2018/4/10,461.15
2018/4/11,466.72
2018/4/12,466.87
2018/4/13,468.31
2018/4/16,464.51
2018/4/17,464.85
2018/4/18,474.78
2018/4/19,474.03
2018/4/20,473.77
2018/4/23,473.52
2018/4/24,470.42
2018/4/25,472
2018/4/26,473.53
2018/4/27,473.15
2018/4/30,475.76
2018/5/1,470.92
2018/5/2,472.52
2018/5/3,474.28
2018/5/4,479.46
2018/5/7,482.55
2018/5/8,477.01
2018/5/9,485.64
2018/5/10,487.14
2018/5/11,484.43
2018/5/14,486.71
2018/5/15,487.51
2018/5/16,489.2
2018/5/17,490.22
2018/5/18,489.13
2018/5/21,493.06
2018/5/22,494.83
2018/5/23,495.11
2018/5/24,491.49
2018/5/25,482.07
2018/5/29,477.08
2018/5/30,483.69
2018/5/31,481.43
2018/6/1,477.11
2018/6/4,470.5
2018/6/5,472.2
2018/6/6,471.28
2018/6/7,477.43
2018/6/8,476.17
2018/6/11,475.35
2018/6/12,476.47
2018/6/13,478.02
2018/6/14,474.14
2018/6/15,463.61
2018/6/18,467.39
2018/6/19,462.65
2018/6/20,463.76
2018/6/21,460.73
2018/6/22,471.45
2018/6/25,466.27
2018/6/26,473.06
2018/6/27,481.23
2018/6/28,481.55
2018/6/29,487.44
2018/7/2,479.57
2018/7/3,481
2018/7/5,478.61
2018/7/6,480.73
2018/7/9,481.11
2018/7/10,480.64
2018/7/11,459.38
2018/7/12,461.47
2018/7/13,463.37
2018/7/16,450.73
2018/7/17,451.58
2018/7/18,454.3
2018/7/19,455.18
2018/7/20,457.58
2018/7/23,457.87
2018/7/24,460.61
2018/7/25,465.3
2018/7/26,467.01
2018/7/27,464.66
2018/7/30,469.41
2018/7/31,464.83
2018/8/1,457.52
2018/8/2,462.03
2018/8/3,462.15
2018/8/6,464.5
2018/8/7,466.67
2018/8/8,458.41
2018/8/9,457.17
2018/8/10,458.18
2018/8/13,455.09
2018/8/14,454.99
2018/8/15,445.12
2018/8/16,449.37
2018/8/17,451.63
2018/8/20,452.36
2018/8/21,453.82
2018/8/22,460.33
2018/8/23,459.3
2018/8/24,463.79
2018/8/27,465.06
2018/8/28,463.33
2018/8/29,467.99
2018/8/30,469.29
2018/8/31,468.69
2018/9/4,468.1
2018/9/5,463.48
2018/9/6,459.79
2018/9/7,461.03
2018/9/10,462.51
2018/9/11,467.28
2018/9/12,471.39
2018/9/13,464.27
2018/9/14,464.38
2018/9/17,463.41
2018/9/18,467.8
2018/9/19,471.95
2018/9/20,471.27
2018/9/21,473.84
2018/9/24,480.36
2018/9/25,482.5
2018/9/26,479.69
2018/9/27,481.24
2018/9/28,486.28
2018/10/1,496.04
2018/10/2,497.94
2018/10/3,502.55
2018/10/4,495.16
2018/10/5,494.31
2018/10/8,493.51
2018/10/9,496.39
2018/10/10,488.35
2018/10/11,478.67
2018/10/12,480.66
2018/10/15,483.94
2018/10/16,484.69
2018/10/17,477.99
2018/10/18,472.8
2018/10/19,474.72
2018/10/22,475.32
2018/10/23,464.04
2018/10/24,463.92
2018/10/25,465.11
2018/10/26,468.08
2018/10/29,465.41
2018/10/30,459.77
2018/10/31,456.32
2018/11/1,450.82
2018/11/2,450.54
2018/11/5,451.29
2018/11/6,446.97
2018/11/7,447.23
2018/11/8,443.35
2018/11/9,440.55
2018/11/12,441.47
2018/11/13,426.42
2018/11/14,432.83
2018/11/15,429.98
2018/11/16,432.38
2018/11/19,435.24
2018/11/20,418.37
2018/11/21,422.13
2018/11/23,403.56
2018/11/26,407.89
2018/11/27,406.2
2018/11/28,404.38
2018/11/29,408.13
2018/11/30,406.52
2018/12/3,414.76
2018/12/4,417.06
2018/12/5,415.75
2018/12/6,407.68
2018/12/7,416.21
2018/12/10,408.35
2018/12/11,409.55
2018/12/12,407.92
2018/12/13,412.91
2018/12/14,406.09
2018/12/17,400.48
2018/12/18,387.87
2018/12/19,392.63
2018/12/20,381.78
2018/12/21,380.32
2018/12/24,367.29
2018/12/26,380.23
2018/12/27,374.17
2018/12/28,374.98
2018/12/31,374.33
2019/1/2,377.91
2019/1/3,381.2
2019/1/4,386.8
2019/1/7,389.19
2019/1/8,394.47
2019/1/9,405.36
2019/1/10,405.77
2019/1/11,402.93
2019/1/14,399.64
2019/1/15,404.4
2019/1/16,406.27
2019/1/17,406.05
2019/1/18,413.2
2019/1/22,406.6
2019/1/23,405.75
2019/1/24,406.65
2019/1/25,409.69
2019/1/28,401.28
2019/1/29,407.1
2019/1/30,410.38
2019/1/31,407.89
2019/2/1,413.3
2019/2/4,412.67
2019/2/5,410.21
2019/2/6,412
2019/2/7,406.18
2019/2/8,407.89
2019/2/11,406.27
2019/2/12,410.36
2019/2/13,414.69
2019/2/14,416.24
2019/2/15,423.4
2019/2/19,424.21
2019/2/20,427.1
2019/2/21,428.19
2019/2/22,429.45
2019/2/25,420.53
2019/2/26,421.51
2019/2/27,426.77
2019/2/28,426.35
2019/3/1,421.35
2019/3/4,423.05
2019/3/5,424.39
2019/3/6,422.72
2019/3/7,423.37
2019/3/8,421.84
2019/3/11,423.79
2019/3/12,426.05
2019/3/13,431.49
2019/3/14,431.81
2019/3/15,432.48
2019/3/18,434.52
2019/3/19,435.38
2019/3/20,439.49
2019/3/21,438.41
2019/3/22,434.17
2019/3/25,434.29
2019/3/26,437.11
2019/3/27,434.74
2019/3/28,432.8
2019/3/29,434.13
2019/4/1,439.7
2019/4/2,442.69
2019/4/3,443.51
2019/4/4,443.93
2019/4/5,447.27
2019/4/8,451.44
2019/4/9,449.68
2019/4/10,453.84
2019/4/11,449.85
2019/4/12,452.47
2019/4/15,450.07
2019/4/16,450.97
2019/4/17,449.86
2019/4/18,450.85
2019/4/22,456.25
2019/4/23,457.18
2019/4/24,455.09
2019/4/25,452.83
2019/4/26,445.34
2019/4/29,444.82
2019/4/30,446.45
2019/5/1,446.39
2019/5/2,440.23
2019/5/3,440.83
2019/5/6,439.66
2019/5/7,435.14
2019/5/8,436.78
2019/5/9,434
2019/5/10,434.34
2019/5/13,431.47
2019/5/14,436.89
2019/5/15,439.63
2019/5/16,445.15
2019/5/17,443
2019/5/20,443.49
2019/5/21,443.12
2019/5/22,436.07
2019/5/23,422.69
2019/5/24,427.13
2019/5/28,432
2019/5/29,429.51
2019/5/30,421.88
2019/5/31,407.76
2019/6/3,405.26
2019/6/4,406.96
2019/6/5,398.56
2019/6/6,402.93
2019/6/7,407.17
2019/6/10,405.67
2019/6/11,407.35
2019/6/12,399.78
2019/6/13,405.01
2019/6/14,406.96
2019/6/17,404.56
2019/6/18,410.41
2019/6/19,408.49
2019/6/20,420.16
2019/6/21,421.16
2019/6/24,422.81
2019/6/25,424.63
2019/6/26,430.87
2019/6/27,430.55
2019/6/28,425.36
2019/7/1,425.44
2019/7/2,414.5
2019/7/3,421
2019/7/5,422.34
2019/7/8,421.54
2019/7/9,422.35
2019/7/10,434.12
2019/7/11,433.6
2019/7/12,434.63
2019/7/15,430.93
2019/7/16,423.02
2019/7/17,419.89
2019/7/18,412.6
2019/7/19,415.92
2019/7/22,416.86
2019/7/23,419.74
2019/7/24,417.72
2019/7/25,417.46
2019/7/26,416.69
2019/7/29,418.52
2019/7/30,421.65
2019/7/31,422.44
2019/8/1,403.17
2019/8/2,407.67
2019/8/5,401.9
2019/8/6,397.52
2019/8/7,387.47
2019/8/8,394.25
2019/8/9,399.73
2019/8/12,397.15
2019/8/13,405.55
2019/8/14,398.07
2019/8/15,394.52
2019/8/16,395.88
2019/8/19,399.34
2019/8/20,399.86
2019/8/21,400.02
2019/8/22,397.98
2019/8/23,393.36
2019/8/26,392.51
2019/8/27,396.03
2019/8/28,400.37
2019/8/29,403.61
2019/8/30,397.06
2019/9/3,392.44
2019/9/4,403.72
2019/9/5,404.27
2019/9/6,404.47
2019/9/9,409.68
2019/9/10,410.39
2019/9/11,404.2
2019/9/12,403.44
2019/9/13,403.83
2019/9/16,436.08
2019/9/17,420.65
2019/9/18,417.01
2019/9/19,418.52
2019/9/20,417.41
2019/9/23,420.38
2019/9/24,414.8
2019/9/25,411.72
2019/9/26,411.39
2019/9/27,409.6
2019/9/30,403.61
2019/10/1,402.31
2019/10/2,397.18
2019/10/3,397.36
2019/10/4,399.47
2019/10/7,399.21
2019/10/8,399.49
2019/10/9,400.18
2019/10/10,402.16
2019/10/11,409.42
2019/10/14,405.25
2019/10/15,403.38
2019/10/16,405.32
2019/10/17,407.09
2019/10/18,406.7
2019/10/21,404.01
2019/10/22,406.9
2019/10/23,412.75
2019/10/24,414.49
2019/10/25,416.23
2019/10/28,414.03
2019/10/29,413.97
2019/10/30,411.73
2019/10/31,407.51
2019/11/1,416.88
2019/11/4,419.2
2019/11/5,421.93
2019/11/6,416.93
2019/11/7,418.7
2019/11/8,419.11
2019/11/11,416.52
2019/11/12,417.32
2019/11/13,418.03
2019/11/14,417.15
2019/11/15,420.5
2019/11/18,415.65
2019/11/19,409.67
2019/11/20,415.38
2019/11/21,420.82
2019/11/22,418.93
2019/11/25,420.02
2019/11/26,422.06
2019/11/27,420.34
2019/11/29,409.19
2019/12/2,410.79
2019/12/3,410.75
2019/12/4,418.75
2019/12/5,419.66
2019/12/6,422.74
2019/12/9,421.64
2019/12/10,423.2
2019/12/11,420.28
2019/12/12,423.64
2019/12/13,428.05
2019/12/16,431.09
2019/12/17,433.8
2019/12/18,433.11
2019/12/19,434.96
2019/12/20,433.3
2019/12/23,433.04
2019/12/24,435.99
2019/12/26,439.7
2019/12/27,440.27
2019/12/30,439.58
2019/12/31,436.22
2020/1/2,436.82
2020/1/3,443.35
2020/1/6,444.63
2020/1/7,442.35
2020/1/8,431.04
2020/1/9,430.6
2020/1/10,430.12
2020/1/13,426.27
2020/1/14,427.72
2020/1/15,425.45
2020/1/16,425.84
2020/1/17,426.91
2020/1/21,425.14
2020/1/22,418.53
2020/1/23,413.65
2020/1/24,406.27
2020/1/27,398.34
2020/1/28,400.39
2020/1/29,398.75
2020/1/30,392.02
2020/1/31,388.8
2020/2/3,381.35
2020/2/4,380.33
2020/2/5,386.28
2020/2/6,387.19
2020/2/7,386.2
2020/2/10,382.18
2020/2/11,384.56
2020/2/12,392.04
2020/2/13,394.01
2020/2/14,396.23
2020/2/18,398.34
2020/2/19,403.64
2020/2/20,403.22
2020/2/21,400.54
2020/2/24,389.26
2020/2/25,382.82
2020/2/26,376.2
2020/2/27,367.9
2020/2/28,358.44
2020/3/2,368.82
2020/3/3,371.06
2020/3/4,370.11
2020/3/5,365.27
2020/3/6,345.14
2020/3/9,305.29
2020/3/10,318.91
2020/3/11,313.29
2020/3/12,300.45
2020/3/13,298.4
2020/3/16,279
2020/3/17,273.87
2020/3/18,251.02
2020/3/19,269.53
2020/3/20,261.59
2020/3/23,263.63
2020/3/24,270.58
2020/3/25,273.38
2020/3/26,266.17
2020/3/27,261.54
2020/3/30,254.64
2020/3/31,255.54
2020/4/1,247.12
2020/4/2,263.95
2020/4/3,275.44
2020/4/6,271.7
2020/4/7,270.56
2020/4/8,277.08
2020/4/9,276.41
2020/4/13,280.12
2020/4/14,278.54
2020/4/15,270.95
2020/4/16,270.66
2020/4/17,270.57
2020/4/20,258.69
2020/4/21,228.24
2020/4/22,236.8
2020/4/23,243.35
2020/4/24,241.45
2020/4/27,230.45
2020/4/28,239.97
2020/4/29,246.03
2020/4/30,257.04
2020/5/1,256.49
2020/5/4,259.09
2020/5/5,274.17
2020/5/6,268.76
2020/5/7,271.34
2020/5/8,278.13
2020/5/11,274.1
2020/5/12,276.84
2020/5/13,272.9
2020/5/14,279.94
2020/5/15,285.15
2020/5/18,296.36
2020/5/19,296.49
2020/5/20,301.52
2020/5/21,301.52
2020/5/22,297.92
2020/5/26,303.49
2020/5/27,297.3
2020/5/28,299.51
2020/5/29,307.08
2020/6/1,307.35
2020/6/2,312.67
2020/6/3,313.91
2020/6/4,316
2020/6/5,325.54
2020/6/8,321.63
2020/6/9,324.41
2020/6/10,327.43
2020/6/11,314.79
2020/6/12,314.28
2020/6/15,317.2
2020/6/16,322.31
2020/6/17,321.63
2020/6/18,324.4
2020/6/19,327.64
2020/6/22,330.63
2020/6/23,329.77
2020/6/24,319.02
2020/6/25,320.22
2020/6/26,318.09
2020/6/29,324.51
2020/6/30,325.48
2020/7/1,328.74
2020/7/2,332.86
2020/7/6,334.28
2020/7/7,335.18
2020/7/8,337.25
2020/7/9,333.88
2020/7/10,337.9
2020/7/13,336.24
2020/7/14,335.75
2020/7/15,339.95
2020/7/16,338.3
2020/7/17,337.46
2020/7/20,337.3
2020/7/21,343.2
2020/7/22,343.67
2020/7/23,341.66
2020/7/24,342.01
2020/7/27,342.56
2020/7/28,341.36
2020/7/29,343.38
2020/7/30,337.76
2020/7/31,339.82
2020/8/3,344.71
2020/8/4,346.67
2020/8/5,350.3
2020/8/6,349.28
2020/8/7,345.15
2020/8/10,348.77
2020/8/11,347.09
2020/8/12,351.82
2020/8/13,352.05
2020/8/14,352.17
2020/8/17,357.21
2020/8/18,358.23
2020/8/19,358.53
2020/8/20,356.31
2020/8/21,353.36
2020/8/24,356.18
2020/8/25,360.04
2020/8/26,359.87
2020/8/27,358.83
2020/8/28,359.95
2020/8/31,358.21
2020/9/1,359.76
2020/9/2,353.72
2020/9/3,350.86
2020/9/4,347.11
2020/9/8,335.58
2020/9/9,341.06
2020/9/10,339.76
2020/9/11,341.05
2020/9/14,342.49
2020/9/15,345.14
2020/9/16,351.99
2020/9/17,356.23
2020/9/18,358.03
2020/9/21,347.36
2020/9/22,347.96
2020/9/23,347.73
2020/9/24,348.47
2020/9/25,348.23
2020/9/28,350.56
2020/9/29,344.88
2020/9/30,350.18
2020/10/1,343.47
2020/10/2,337.48
2020/10/5,347.38
2020/10/6,353.74
2020/10/7,353.48
2020/10/8,359.08
2020/10/9,360.58
2020/10/12,355.79
2020/10/13,358.41
2020/10/14,362.2
2020/10/15,363.22
2020/10/16,362.61
2020/10/19,362.14
2020/10/20,364.79
2020/10/21,360.11
2020/10/22,361.48
2020/10/23,358.77
2020/10/26,353.14
2020/10/27,357.26
2020/10/28,346.56
2020/10/29,341.16
2020/10/30,340.78
2020/11/2,345
2020/11/3,348.47
2020/11/4,354.79
2020/11/5,354.9
2020/11/6,349.62
2020/11/9,361.29
2020/11/10,368.94
2020/11/11,369.68
2020/11/12,368.35
2020/11/13,364.5
2020/11/16,369.03
2020/11/17,369.95
2020/11/18,372.68
2020/11/19,370.19
2020/11/20,373.87
2020/11/23,377.49
2020/11/24,385.7
2020/11/25,387.57
2020/11/27,388.06
2020/11/30,385.59
2020/12/1,383.56
2020/12/2,386.27
2020/12/3,386.68
2020/12/4,388.55
2020/12/7,386.37
2020/12/8,385.52
2020/12/9,387.12
2020/12/10,394.37
2020/12/11,393.72
2020/12/14,395.26
2020/12/15,398.36
2020/12/16,400.13
2020/12/17,404.51
2020/12/18,408.02
